name;geometry;;
Vatican City;POINT (12.453386544971766 41.903282179960115);;
San Marino;POINT (12.441770157800141 43.936095834768004);;
Vaduz;POINT (9.516669472907267 47.13372377429357);;
Luxembourg;POINT (6.130002806227083 49.611660379121076);;
Palikir;POINT (158.1499743237623 6.916643696007725);;
Majuro;POINT (171.38000017574655 7.103004311216239);;
Funafuti;POINT (179.21664709402887 -8.516651999041073);;
Melekeok;POINT (134.62654846699218 7.487396172977981);;
Monaco;POINT (7.406913173465057 43.73964568785249);;
Tarawa;POINT (173.01757082854942 1.338187505624603);;
Moroni;POINT (43.240244098693324 -11.70415769566847);;
Andorra;POINT (1.5164859605055199 42.5000014435459);;
Port-of-Spain;POINT (-61.51703088544974 10.651997089577264);;
Kigali;POINT (30.058585919064114 -1.9516442100632503);;
Mbabane;POINT (31.133334512056365 -26.316650778409212);;
Juba;POINT (31.580025592787308 4.829975198277964);;
Ljubljana;POINT (14.51496903347413 46.0552883087945);;
Bratislava;POINT (17.11698075223461 48.15001832996171);;
Doha;POINT (51.532967894299304 25.286556008906587);;
Podgorica;POINT (19.266306924118226 42.465972512881706);;
Bern;POINT (7.466975462482424 46.91668275866772);;
Pristina;POINT (21.165984251599866 42.666709614119384);;
Roseau;POINT (-61.387012981803366 15.301015644283325);;
Djibouti;POINT (43.148001667052256 11.595014464255485);;
Banjul;POINT (-16.591701489212596 13.45387646031594);;
Skopje;POINT (21.4334614651425 42.00000612290586);;
Bridgetown;POINT (-59.61652673505159 13.10200258275114);;
Bujumbura;POINT (29.360006061528395 -3.376087220374643);;
Kingstown;POINT (-61.212062420279324 13.14827882786841);;
Castries;POINT (-61.00000818036955 14.00197348933034);;
Basseterre;POINT (-62.71700931969934 17.302030455489387);;
Port Louis;POINT (57.49999385460973 -20.166638571353246);;
Saint George's;POINT (-61.74164322607476 12.052633401720414);;
Manama;POINT (50.58305171591019 26.236136290485945);;
Saint John's;POINT (-61.85003381513866 17.118036518314113);;
Montevideo;POINT (-56.17299814703597 -34.856095707590725);;
Lome;POINT (1.22081126074562 6.133882930268385);;
Tunis;POINT (10.179678099212026 36.80277813623144);;
Abu Dhabi;POINT (54.36659338259199 24.466683572379907);;
Ashgabat;POINT (58.38329911177465 37.949994933110986);;
Lusaka;POINT (28.28138173611427 -15.414698409335926);;
Harare;POINT (31.042763572062825 -17.815843835777798);;
Dili;POINT (125.57945593170507 -8.559388408546454);;
Port Vila;POINT (168.31664058356864 -17.733350404025828);;
Tegucigalpa;POINT (-87.2194751979415 14.103990759076396);;
Georgetown;POINT (-58.167028647480606 6.8019736927520285);;
Reykjavík;POINT (-21.950014487179544 64.15002361973922);;
Port-au-Prince;POINT (-72.33798044690553 18.54297045473237);;
Kampala;POINT (32.581377667121046 0.318604813383331);;
Paramaribo;POINT (-55.16703088542437 5.835030129922586);;
Niamey;POINT (2.114710186530374 13.51865181050647);;
Dushanbe;POINT (68.77387935270173 38.56003521631658);;
Asuncion;POINT (-57.643451027901335 -25.294457117057675);;
Managua;POINT (-86.27043751890119 12.154962438756115);;
Freetown;POINT (-13.236161599012746 8.471957271098177);;
Islamabad;POINT (73.16468862105955 33.70194180895959);;
Kathmandu;POINT (85.31469635222788 27.718637772477223);;
Bloemfontein;POINT (26.22991288117737 -29.119993877378704);;
Pretoria;POINT (28.22748321723384 -25.704974695184433);;
Port Moresby;POINT (147.19250362059358 -9.464707825867777);;
Honiara;POINT (159.94976573360566 -9.437994295089595);;
Panama City;POINT (-79.53498301041077 8.969963049094872);;
Rabat;POINT (-6.83640815612614 34.02530731107282);;
Chisinau;POINT (28.85771113965143 47.005023619670624);;
Maputo;POINT (32.58721710397009 -25.953331628778983);;
Mogadishu;POINT (45.36473175245874 2.068627192947531);;
Muscat;POINT (58.593312132608844 23.613324807728134);;
Colombo;POINT (79.85775060925641 6.931965758182116);;
Ulaanbaatar;POINT (106.91466990374653 47.91861925856074);;
Wellington;POINT (174.78327429127694 -41.29997393927641);;
Windhoek;POINT (17.08354610054181 -22.570006084383806);;
Abuja;POINT (7.53138214293233 9.085279007754195);;
Bissau;POINT (-15.598360841320755 11.865023822980561);;
Amman;POINT (35.93135406687412 31.951971105827454);;
Vilnius;POINT (25.3166352932829 54.68336631175862);;
Riga;POINT (24.099965371403187 56.95002382316096);;
Bishkek;POINT (74.58325836390367 42.875025305090105);;
Maseru;POINT (27.483273069984477 -29.316674378681626);;
Antananarivo;POINT (47.51467804152986 -18.914691492032148);;
Quito;POINT (-78.5019969671124 -0.2130423220355624);;
San Jose;POINT (-84.08599721127536 9.936958288356607);;
San Salvador;POINT (-89.2049870794599 13.711947505494038);;
Kingston;POINT (-76.7674337136691 17.977076623830897);;
Ndjamena;POINT (15.047202455462298 12.115042394810644);;
Malabo;POINT (8.783277545821136 3.750015278026183);;
Asmara;POINT (38.933323525759306 15.333339252681924);;
Zagreb;POINT (15.999994668245677 45.80000673327254);;
Tallinn;POINT (24.72804072947855 59.43387737948592);;
Lilongwe;POINT (33.78330195998353 -13.983295065469179);;
Guatemala;POINT (-90.52891143656154 14.623080521448173);;
Libreville;POINT (9.457965045823698 0.3853886097185182);;
Suva;POINT (178.44170731537986 -18.133015931371233);;
Nouakchott;POINT (-15.975340414890013 18.086427021247516);;
Bamako;POINT (-8.001984963249697 12.65196052632325);;
Beirut;POINT (35.507762351377664 33.8739209756269);;
Tbilisi;POINT (44.788849590997984 41.72695584707759);;
Astana;POINT (71.427774209483 51.18112530425759);;
Vientiane;POINT (102.59998002015476 17.96669272762739);;
Brazzaville;POINT (15.282743633848668 -4.257239913197509);;
Conakry;POINT (-13.682180886123945 9.53346870502179);;
Yamoussoukro;POINT (-5.275502564912301 6.8183809600046175);p-5275502564912300;18
Ottawa;POINT (-75.70196115980951 45.41864265536043);;
Belgrade;POINT (20.466044822020535 44.82059130444674);;
Bandar Seri Begawan;POINT (114.93328405666227 4.883331114619239);;
Sucre;POINT (-65.25951562667564 -19.04097084673947);;
Belmopan;POINT (-88.76707299981655 17.252033507246892);;
Bangui;POINT (18.558288125287277 4.366644306349087);;
Yaounde;POINT (11.514704896854425 3.868646520754112);;
Tirana;POINT (19.81888301461521 41.327540709491586);;
Yerevan;POINT (44.51160553175208 40.18309659414189);;
Baku;POINT (49.860271303257775 40.39721789134302);;
Phnom Penh;POINT (104.91468862118643 11.55197598855841);;
La Paz;POINT (-68.15193104910219 -16.49602775504337);;
Cotonou;POINT (2.518044740568598 6.401954422782467);;
Sofia;POINT (23.314708152110086 42.68529528393054);;
Minsk;POINT (27.56468129665825 53.901923295043105);;
Thimphu;POINT (89.63901403703 27.472985859175765);;
Gaborone;POINT (25.91194779328538 -24.646313457438907);;
Canberra;POINT (149.1290262442992 -35.283028545372076);;
Ouagadougou;POINT (-1.5266696149164432 12.372261836543373);;
Sarajevo;POINT (18.383001666953305 43.850022398954934);;
Naypyidaw;POINT (96.11667267063035 19.76850288475015);;
Nukualofa;POINT (-175.22056447761656 -21.13851235669864);;
Hargeysa;POINT (44.06531001666542 9.56002239881775);;
Victoria;POINT (55.44998978559113 -4.6166316539734);;
Sao Tome;POINT (6.733325153234773 0.3334021188329075);;
Apia;POINT (-171.73864160860316 -13.841545042448445);;
Valletta;POINT (14.514710651312782 35.89973248193087);;
Male;POINT (73.499947467955 4.1667081898118);;
Jerusalem;POINT (35.20662593459866 31.778407815573303);;
Praia;POINT (-23.51668888497221 14.916698017328656);;
Nassau;POINT (-77.35004378427612 25.08339011535122);;
Nicosia;POINT (33.36663488641415 35.166676451654496);;
Hanoi;POINT (105.8480683412422 21.035273107737055);;
Ankara;POINT (32.862445782356644 39.929184444075474);;
Budapest;POINT (19.081374818759684 47.50195218499135);;
Sanaa;POINT (44.20464752393843 15.356679154263645);;
Bucharest;POINT (26.0980007953504 44.43531766349457);;
Damascus;POINT (36.29805003041707 33.50197985420613);;
Lisbon;POINT (-9.14681216410213 38.72466873648784);;
Khartoum;POINT (32.532233380011576 15.590024084277673);;
Oslo;POINT (10.748033347372314 59.91863614500187);;
Warsaw;POINT (20.998053692465305 52.25194648839556);;
Pyongyang;POINT (125.75274485499392 39.02138455800434);;
Dar es Salaam;POINT (39.26639597769457 -6.798066736124383);;
Dublin;POINT (-6.250851540391068 53.335006994584944);;
Monrovia;POINT (-10.799660436775923 6.314581647160139);;
Kuala Lumpur;POINT (101.69803741674644 3.168611730712371);;
Havana;POINT (-82.3661280299533 23.1339046995422);;
Prague;POINT (14.464033917048539 50.08528287347832);;
Kuwait;POINT (47.97635528762527 29.371663488629565);;
Santo Domingo;POINT (-69.90203094331503 18.472018713195382);;
Accra;POINT (-0.2186615989606935 5.551980464445933);;
Tripoli;POINT (13.180011758078194 32.89250001935369);;
Helsinki;POINT (24.93218048284558 60.17750923256807);;
København;POINT (12.561539888703294 55.68051004902594);;
Abidjan;POINT (-4.041994118507091 5.321942826098564);;
Brasilia;POINT (-47.91799814700306 -15.781394372878992);;
Brussels;POINT (4.33137074969045 50.83526293533032);;
Dhaka;POINT (90.40663360810754 23.725005570312817);;
Luanda;POINT (13.23248118266855 -8.836340255012658);;
Algiers;POINT (3.048606670909237 36.765010656628135);;
Rangoon;POINT (96.16473175266185 16.785299963188777);;
Caracas;POINT (-66.91898305105042 10.502944413033333);;
Kiev;POINT (30.514682110472165 50.43531318760722);;
Tashkent;POINT (69.29298696088779 41.31364774160721);;
Madrid;POINT (-3.6852975446125242 40.40197212311381);;
Stockholm;POINT (18.095388874180912 59.35270581286585);;
Bangkok;POINT (100.51469879369489 13.751945064087977);;
Lima;POINT (-77.05200795343472 -12.04606681752557);;
Dakar;POINT (-17.47507598705056 14.717777583623274);;
Johannesburg;POINT (28.028063865019476 -26.16809888138414);;
Amsterdam;POINT (4.914694317400972 52.35191454666443);;
Seoul;POINT (126.99778513820195 37.56829495838895);;
Manila;POINT (120.9802713035424 14.606104813440538);;
Berlin;POINT (13.399602764700546 52.523764522251156);;
Kinshasa;POINT (15.313026023171744 -4.327778243275986);;
New Delhi;POINT (77.19998002005303 28.600023009245433);;
Athens;POINT (23.731375225679358 37.98527209055226);;
Baghdad;POINT (44.391922914564134 33.34059435615865);;
Addis Ababa;POINT (38.69805857534868 9.035256221295754);;
Tehran;POINT (51.42239817500899 35.673888627001304);;
Buenos Aires;POINT (-58.399477232331435 -34.600555749907414);;
Kabul;POINT (69.18131419070505 34.51863614490031);;
Vienna;POINT (16.364693096743736 48.20196113681686);;
Taipei;POINT (121.568333333333 25.0358333333333);;
Washington, D.C.;POINT (-77.01136443943716 38.901495235087054);;
London;POINT (-0.118667702475932 51.5019405883275);;
Riyadh;POINT (46.770795798688255 24.642779007816443);;
Cape Town;POINT (18.43304229922603 -33.91806510862875);;
Moscow;POINT (37.6135769672714 55.75410998124818);;
Mexico City;POINT (-99.1329340602939 19.444388301415472);;
Rome;POINT (12.481312562873995 41.89790148509894);;
Beijing;POINT (116.38633982565943 39.93083808990906);;
Nairobi;POINT (36.81471100047145 -1.2814008832377795);;
Jakarta;POINT (106.82749176247012 -6.172471846798885);;
Bogota;POINT (-74.08528981377441 4.598369421147822);;
Cairo;POINT (31.248022361126118 30.051906205103705);;
Tokyo;POINT (139.74946157054467 35.686962764371174);;
Paris;POINT (2.33138946713035 48.86863878981461);;
Santiago;POINT (-70.66898671317483 -33.448067956934096);;
Singapore;POINT (103.85387481909902 1.2949793251059418);;
Medellin;POINT (-75,57480000000000000 6,24470000000000000);;
Cali;POINT (-76,51970000000000000 3,440000000000000);;
Barranquilla;POINT (-74,79640000000000000 10,96390000000000000);;
Cartagena;POINT (-75,52530000000000000 10,42360000000000000);;
Soacha;POINT (-74,21440000000000000 4,57810000000000000);;
Palermo;POINT (-75,43390000000000000 2,88830000000000000);;
Cucuta;POINT (-72,50470000000000000 7,90750000000000000);;
Soledad;POINT (-74,770000000000000 10,920000000000000);;
Pereira;POINT (-75,69460000000000000 4,81430000000000000);;
Bucaramanga;POINT (-73,11610000000000000 7,11860000000000000);;
Valledupar;POINT (-73,25970000000000000 10,46030000000000000);;
Ibague;POINT (-75,20060000000000000 4,43780000000000000);;
Villavicencio;POINT (-73,62940000000000000 4,14250000000000000);;
Santa Marta;POINT (-74,20170000000000000 11,23610000000000000);;
Monteria;POINT (-75,88560000000000000 8,760000000000000);;
Manizales;POINT (-75,48470000000000000 5,06610000000000000);;
Buenaventura;POINT (-77,02670000000000000 3,87720000000000000);;
Pasto;POINT (-77,28110000000000000 1,21360000000000000);;
Bello;POINT (-75,55810000000000000 6,33190000000000000);;
Neiva;POINT (-75,28750000000000000 2,92750000000000000);;
Armenia;POINT (-75,67250000000000000 4,53890000000000000);;
Popayan;POINT (-76,60610000000000000 2,44110000000000000);;
Sincelejo;POINT (-75,39580000000000000 9,29940000000000000);;
Floridablanca;POINT (-73,09780000000000000 7,06970000000000000);;
Itagüi;POINT (-75,60960000000000000 6,17260000000000000);;
Envigado;POINT (-75,58030000000000000 6,17190000000000000);;
Tulua;POINT (-76,19860000000000000 4,08470000000000000);;
Tumaco;POINT (-78,76470000000000000 1,80670000000000000);;
Barrancabermeja;POINT (-73,84720000000000000 7,06750000000000000);;
Tunja;POINT (-73,36140000000000000 5,54030000000000000);;
Zipaquira;POINT (-74,00140000000000000 5,02470000000000000);;
Turbo;POINT (-76,72830000000000000 8,09310000000000000);;
Yopal;POINT (-72,39060000000000000 5,33060000000000000);;
Dosquebradas;POINT (-75,67610000000000000 4,83610000000000000);;
Riohacha;POINT (-72,90690000000000000 11,54420000000000000);;
Giron;POINT (-73,16810000000000000 7,07310000000000000);;
Florencia;POINT (-75,61170000000000000 1,61420000000000000);;
Fusagasuga;POINT (-74,36440000000000000 4,33720000000000000);;
Cartago;POINT (-75,910000000000000 4,750000000000000);;
Pitalito;POINT (-76,05140000000000000 1,85390000000000000);;
Cienaga;POINT (-74,250000000000000 11,01040000000000000);;
Sogamoso;POINT (-72,93330000000000000 5,71580000000000000);;
Quibdo;POINT (-76,65820000000000000 5,69230000000000000);;
Girardot;POINT (-74,80390000000000000 4,30360000000000000);;
Duitama;POINT (-73,02970000000000000 5,82190000000000000);;
Magangue;POINT (-74,75940000000000000 9,24670000000000000);;
Maicao;POINT (-72,24140000000000000 11,37780000000000000);;
Uribia;POINT (-72,26580000000000000 11,71390000000000000);;
Piedecuesta;POINT (-73,05030000000000000 6,98860000000000000);;
Facatativa;POINT (-74,35530000000000000 4,81470000000000000);;
Guadalajara de Buga;POINT (-76,29860000000000000 3,90360000000000000);;
Madrid;POINT (-74,26390000000000000 4,73060000000000000);;
Santander de Quilichao;POINT (-76,48390000000000000 3,00830000000000000);;
Aguachica;POINT (-73,61530000000000000 8,30670000000000000);;
Ipiales;POINT (-77,64060000000000000 0,82890000000000000);;
Chia;POINT (-74,05280000000000000 4,86330000000000000);;
Jamundi;POINT (-76,53940000000000000 3,26080000000000000);;
Arauca;POINT (-70,76170000000000000 7,09030000000000000);;
Yumbo;POINT (-76,49440000000000000 3,57780000000000000);;
Mosquera;POINT (-74,23280000000000000 4,70780000000000000);;
Fundacion;POINT (-74,19220000000000000 10,51720000000000000);;
Ocaña;POINT (-73,35530000000000000 8,24610000000000000);;
Montelibano;POINT (-75,41810000000000000 7,97110000000000000);;
Chiquinquira;POINT (-73,81640000000000000 5,61750000000000000);;
Sabanalarga;POINT (-74,92360000000000000 10,630000000000000);;
Chigorodo;POINT (-76,68140000000000000 7,66970000000000000);;
Cerete;POINT (-75,79110000000000000 8,88670000000000000);;
Caldas;POINT (-75,63610000000000000 6,08860000000000000);;
Funza;POINT (-74,20940000000000000 4,71750000000000000);;
Los Patios;POINT (-72,5050000000000000 7,83420000000000000);;
Tierralta;POINT (-76,05940000000000000 8,17280000000000000);;
El Carmen de Bolivar;POINT (-75,11670000000000000 9,71670000000000000);;
La Dorada;POINT (-74,66470000000000000 5,45380000000000000);;
Arjona;POINT (-75,34470000000000000 10,2550000000000000);;
Turbaco;POINT (-75,41420000000000000 10,33190000000000000);;
Espinal;POINT (-74,88190000000000000 4,14860000000000000);;
Acacias;POINT (-73,76470000000000000 3,98890000000000000);;
Copacabana;POINT (-75,51030000000000000 6,34860000000000000);;
Santa Rosa de Cabal;POINT (-75,62110000000000000 4,86720000000000000);;
San Vicente del Caguan;POINT (-74,770000000000000 2,11530000000000000);;
San Andres;POINT (-81,70060000000000000 12,58470000000000000);;
Corozal;POINT (-75,29330000000000000 9,31690000000000000);;
Villa del Rosario;POINT (-72,47360000000000000 7,83530000000000000);;
Garzon;POINT (-75,62920000000000000 2,19610000000000000);;
Planeta Rica;POINT (-75,58190000000000000 8,40890000000000000);;
Necocli;POINT (-76,78390000000000000 8,42580000000000000);;
San Jose del Guaviare;POINT (-72,63860000000000000 2,56530000000000000);;
Manaure;POINT (-72,44440000000000000 11,7750000000000000);;
Marinilla;POINT (-75,33890000000000000 6,17440000000000000);;
Cienaga de Oro;POINT (-75,62110000000000000 8,8750000000000000);;
Puerto Asis;POINT (-76,49890000000000000 0,50060000000000000);;
Riosucio;POINT (-75,70280000000000000 5,42080000000000000);;
Plato;POINT (-74,78250000000000000 9,79250000000000000);;
Carepa;POINT (-76,65530000000000000 7,75810000000000000);;
Cajica;POINT (-74,0250000000000000 4,91670000000000000);;
Villamaria;POINT (-75,51530000000000000 5,04560000000000000);;
San Marcos;POINT (-75,12890000000000000 8,66220000000000000);;
Girardota;POINT (-75,44610000000000000 6,37690000000000000);;
Florida;POINT (-76,23470000000000000 3,32170000000000000);;
Pamplona;POINT (-72,64830000000000000 7,37610000000000000);;
Pradera;POINT (-76,24390000000000000 3,41890000000000000);;
Orito;POINT (-76,87080000000000000 0,66610000000000000);;
Puerto Boyaca;POINT (-74,58750000000000000 5,97610000000000000);;
El Banco;POINT (-73,97440000000000000 9,00080000000000000);;
San Gil;POINT (-73,13360000000000000 6,5550000000000000);;
Sabaneta;POINT (-75,6150000000000000 6,15080000000000000);;
Valle del Guamuez;POINT (-76,90530000000000000 0,42530000000000000);;
Puerto Libertador;POINT (-75,67170000000000000 7,88810000000000000);;
Tame;POINT (-71,74470000000000000 6,45830000000000000);;
Barbosa;POINT (-75,33060000000000000 6,43750000000000000);;
Lorica;POINT (-75,8160000000000000 9,24190000000000000);;
San Onofre;POINT (-75,52560000000000000 9,73720000000000000);;
Guarne;POINT (-75,44190000000000000 6,27920000000000000);;
El Bagre;POINT (-74,80860000000000000 7,60470000000000000);;
Chinu;POINT (-75,39810000000000000 9,10970000000000000);;
Baranoa;POINT (-74,91940000000000000 10,79560000000000000);;
Puerto Berrio;POINT (-74,40470000000000000 6,49060000000000000);;
Cimitarra;POINT (-73,950000000000000 6,31330000000000000);;
Maria la Baja;POINT (-75,29860000000000000 9,98110000000000000);;
Agustin Codazzi;POINT (-73,23690000000000000 10,03670000000000000);;
Samaniego;POINT (-77,59250000000000000 1,33640000000000000);;
Carmen de Viboral;POINT (-75,33420000000000000 6,08190000000000000);;
Yarumal;POINT (-75,41720000000000000 6,96330000000000000);;
La Vega;POINT (-76,77780000000000000 2,00080000000000000);;
Chaparral;POINT (-75,48470000000000000 3,72360000000000000);;
Andes;POINT (-75,88030000000000000 5,65560000000000000);;
San Andres de Sotavento;POINT (-75,50860000000000000 9,14530000000000000);;
Ayapel;POINT (-75,1450000000000000 8,31250000000000000);;
Urrao;POINT (-76,13420000000000000 6,31560000000000000);;
Zarzal;POINT (-76,07030000000000000 4,39420000000000000);;
Valencia;POINT (-76,14690000000000000 8,25920000000000000);;
Roldanillo;POINT (-76,15470000000000000 4,41360000000000000);;
Puerto Tejada;POINT (-76,41750000000000000 3,230000000000000);;
Santa Rosa del Sur;POINT (-74,05330000000000000 7,96330000000000000);;
San Pelayo;POINT (-75,83750000000000000 8,95780000000000000);;
Arboletes;POINT (-76,42720000000000000 8,85110000000000000);;
Villeta;POINT (-74,47310000000000000 5,01280000000000000);;
Aguazul;POINT (-72,54670000000000000 5,16890000000000000);;
Cumaribo;POINT (-69,79560000000000000 4,44610000000000000);;
Miranda;POINT (-76,22860000000000000 3,25030000000000000);;
El Charco;POINT (-78,11110000000000000 2,47750000000000000);;
Caceres;POINT (-75,35030000000000000 7,57940000000000000);;
Montenegro;POINT (-75,75110000000000000 4,56530000000000000);;
Pueblo Nuevo;POINT (-75,50750000000000000 8,5050000000000000);;
Tuchin;POINT (-75,55530000000000000 9,18580000000000000);;
Arauquita;POINT (-71,42720000000000000 7,02610000000000000);;
Guaduas;POINT (-74,59810000000000000 5,06940000000000000);;
Pie de Pato;POINT (-76,97470000000000000 5,51530000000000000);;
Cumbal;POINT (-77,79080000000000000 0,90780000000000000);;
Aracataca;POINT (-74,1850000000000000 10,59110000000000000);;
La Union;POINT (-76,10060000000000000 4,53310000000000000);;
Tuquerres;POINT (-77,61890000000000000 1,08720000000000000);;
Acevedo;POINT (-75,88970000000000000 1,80470000000000000);;
Bosconia;POINT (-73,89030000000000000 9,97610000000000000);;
Libano;POINT (-75,06110000000000000 4,92060000000000000);;
Villa de San Diego de Ubate;POINT (-73,81440000000000000 5,30720000000000000);;
San Juan del Cesar;POINT (-73,00310000000000000 10,77080000000000000);;
Taraza;POINT (-75,40030000000000000 7,58390000000000000);;
Cajibio;POINT (-76,57310000000000000 2,62330000000000000);;
Segovia;POINT (-74,70170000000000000 7,07810000000000000);;
Sibate;POINT (-74,25940000000000000 4,49080000000000000);;
Sampues;POINT (-75,37860000000000000 9,18470000000000000);;
Dibulla;POINT (-73,30890000000000000 11,27250000000000000);;
El Bordo;POINT (-76,98310000000000000 2,11420000000000000);;
Santa Rosa de Osos;POINT (-75,46060000000000000 6,64720000000000000);;
Tibu;POINT (-72,73810000000000000 8,640000000000000);;
Melgar;POINT (-74,64280000000000000 4,20390000000000000);;
Dagua;POINT (-76,69170000000000000 3,65750000000000000);;
La Macarena;POINT (-73,78470000000000000 2,18280000000000000);;
Belalcazar;POINT (-75,97170000000000000 2,64690000000000000);;
Sonson;POINT (-75,31060000000000000 5,70940000000000000);;
San Pablo;POINT (-73,92310000000000000 7,47640000000000000);;
San Bernardo del Viento;POINT (-75,95440000000000000 9,3550000000000000);;
Santiago de Tolu;POINT (-75,58170000000000000 9,5250000000000000);;
Guacari;POINT (-76,33220000000000000 3,76470000000000000);;
Timbio;POINT (-76,68190000000000000 2,35280000000000000);;
Gigante;POINT (-75,54610000000000000 2,38670000000000000);;
Cartagena del Chaira;POINT (-74,84670000000000000 1,33610000000000000);;
Tocancipa;POINT (-73,91110000000000000 4,96610000000000000);;
Yarumal;POINT (-75,59050000000000000 7,03060000000000000);;
Quimbaya;POINT (-75,76310000000000000 4,62390000000000000);;
Fonseca;POINT (-72,84810000000000000 10,88580000000000000);;
San Vicente de Chucuri;POINT (-73,41190000000000000 6,88190000000000000);;
Puerto Lopez;POINT (-72,96190000000000000 4,08970000000000000);;
San Luis de Since;POINT (-75,14580000000000000 9,24470000000000000);;
Campoalegre;POINT (-75,32560000000000000 2,68670000000000000);;
Sabanagrande;POINT (-74,75560000000000000 10,79030000000000000);;
Caldono;POINT (-76,48280000000000000 2,79690000000000000);;
San Agustin;POINT (-76,26830000000000000 1,87920000000000000);;
San Juan Nepomuceno;POINT (-75,08110000000000000 9,95220000000000000);;
Majagual;POINT (-74,62970000000000000 8,54080000000000000);;
Quinchia;POINT (-75,72940000000000000 5,33940000000000000);;
Puerto Rico;POINT (-75,15830000000000000 1,90750000000000000);;
San Antero;POINT (-75,76030000000000000 9,37750000000000000);;
Corinto;POINT (-76,25940000000000000 3,17390000000000000);;
Pivijay;POINT (-74,61530000000000000 10,46080000000000000);;
Puebloviejo;POINT (-74,28330000000000000 10,99420000000000000);;
Bocas de Satinga;POINT (-78,32560000000000000 2,34690000000000000);;
Puerto Escondido;POINT (-76,26140000000000000 9,01920000000000000);;
Silvia;POINT (-76,37890000000000000 2,61080000000000000);;
El Dificil;POINT (-74,23670000000000000 9,84690000000000000);;
Inza;POINT (-76,06360000000000000 2,55030000000000000);;
Leticia;POINT (-69,94110000000000000 -4,2150000000000000);;
La Virginia;POINT (-75,88390000000000000 4,89670000000000000);;
San Pedro de Uraba;POINT (-76,37690000000000000 8,2750000000000000);;
Remedios;POINT (-74,69390000000000000 7,02750000000000000);;
Paipa;POINT (-73,11750000000000000 5,780000000000000);;
Guachaves;POINT (-77,67720000000000000 1,22190000000000000);;
Sitionuevo;POINT (-74,72030000000000000 10,77580000000000000);;
Puerto Wilches;POINT (-73,89830000000000000 7,34830000000000000);;
Neira;POINT (-75,51890000000000000 5,16640000000000000);;
Guamo;POINT (-74,970000000000000 4,02810000000000000);;
Circasia;POINT (-75,63470000000000000 4,61920000000000000);;
Amaga;POINT (-75,70280000000000000 6,03830000000000000);;
Chimichagua;POINT (-73,81330000000000000 9,25780000000000000);;
Planadas;POINT (-75,64440000000000000 3,19640000000000000);;
Fresno;POINT (-75,03690000000000000 5,15360000000000000);;
Purificacion;POINT (-74,93250000000000000 3,85670000000000000);;
Tabio;POINT (-74,09830000000000000 4,91580000000000000);;
Barbosa;POINT (-73,61470000000000000 5,93310000000000000);;
Flandes;POINT (-74,81420000000000000 4,28440000000000000);;
Aipe;POINT (-75,23750000000000000 3,22190000000000000);;
Sopo;POINT (-73,94030000000000000 4,90810000000000000);;
Moñitos;POINT (-76,12860000000000000 9,24610000000000000);;
Riosucio;POINT (-77,11330000000000000 7,43860000000000000);;
La Dorada;POINT (-76,91080000000000000 0,34360000000000000);;
La Calera;POINT (-73,970000000000000 4,71970000000000000);;
Caicedonia;POINT (-75,82810000000000000 4,33470000000000000);;
Hatonuevo;POINT (-72,76310000000000000 11,06720000000000000);;
San Carlos;POINT (-75,69940000000000000 8,79440000000000000);;
Isnos;POINT (-76,21580000000000000 1,92890000000000000);;
Coyaima;POINT (-75,19390000000000000 3,79750000000000000);;
Mitu;POINT (-70,2350000000000000 1,25030000000000000);;
Guamal;POINT (-74,22360000000000000 9,14420000000000000);;
Luruaco;POINT (-75,14170000000000000 10,60830000000000000);;
Belen de Umbria;POINT (-75,86890000000000000 5,20060000000000000);;
Argelia;POINT (-77,24920000000000000 2,25580000000000000);;
Supia;POINT (-75,65140000000000000 5,45060000000000000);;
Ciudad Bolivar;POINT (-76,02030000000000000 5,84940000000000000);;
Repelon;POINT (-75,12420000000000000 10,49440000000000000);;
San Juan de Uraba;POINT (-76,52860000000000000 8,76110000000000000);;
Puerto Colombia;POINT (-74,95280000000000000 10,99220000000000000);;
Fortul;POINT (-71,77140000000000000 6,79310000000000000);;
Morales;POINT (-76,63390000000000000 2,76030000000000000);;
Los Cordobas;POINT (-76,35470000000000000 8,89530000000000000);;
San Benito Abad;POINT (-75,02640000000000000 8,92720000000000000);;
San Alberto;POINT (-73,39310000000000000 7,75920000000000000);;
Balboa;POINT (-77,21640000000000000 2,04060000000000000);;
Pensilvania;POINT (-75,16120000000000000 5,3840000000000000);;
Paz de Ariporo;POINT (-71,89170000000000000 5,88110000000000000);;
Buesaco;POINT (-77,15640000000000000 1,38470000000000000);;
Istmina;POINT (-76,68670000000000000 5,16330000000000000);;
Santa Ana;POINT (-74,57060000000000000 9,31940000000000000);;
San Martin;POINT (-73,69860000000000000 3,69690000000000000);;
Palmar de Varela;POINT (-74,75470000000000000 10,73890000000000000);;
Nechi;POINT (-74,7750000000000000 8,09580000000000000);;
Yolombo;POINT (-75,01220000000000000 6,59780000000000000);;
Solano;POINT (-75,25390000000000000 0,69830000000000000);;
Vistahermosa;POINT (-73,75140000000000000 3,12390000000000000);;
San Jose;POINT (-78,24530000000000000 1,69670000000000000);;
La Union;POINT (-77,12970000000000000 1,60530000000000000);;
Choconta;POINT (-73,68250000000000000 5,14670000000000000);;
Sandona;POINT (-77,47110000000000000 1,28470000000000000);;
Pinillos;POINT (-74,46190000000000000 8,9150000000000000);;
Socorro;POINT (-73,270000000000000 6,46030000000000000);;
Tauramena;POINT (-72,750000000000000 5,01670000000000000);;
Villanueva;POINT (-72,92880000000000000 4,60870000000000000);;
Algeciras;POINT (-75,31440000000000000 2,52190000000000000);;
Santa Rosa;POINT (-75,36860000000000000 10,44560000000000000);;
Pueblo Bello;POINT (-73,58670000000000000 10,41640000000000000);;
El Retorno;POINT (-72,62780000000000000 2,33060000000000000);;
Valdivia;POINT (-75,43920000000000000 7,16360000000000000);;
Puerto Guzman;POINT (-76,40860000000000000 0,96360000000000000);;
La Montañita;POINT (-75,43610000000000000 1,47920000000000000);;
Donmatias;POINT (-75,39530000000000000 6,48580000000000000);;
Rioblanco;POINT (-75,64470000000000000 3,52920000000000000);;
Marsella;POINT (-75,73920000000000000 4,93670000000000000);;
Cogua;POINT (-73,97940000000000000 5,06190000000000000);;
El Zulia;POINT (-72,60250000000000000 7,93250000000000000);;
Honda;POINT (-74,73670000000000000 5,20690000000000000);;
El Paso;POINT (-73,75190000000000000 9,66220000000000000);;
Canalete;POINT (-76,24110000000000000 8,790000000000000);;
Teorama;POINT (-73,28640000000000000 8,43530000000000000);;
San Jose;POINT (-77,08080000000000000 1,47390000000000000);;
Ponedera;POINT (-74,75310000000000000 10,64190000000000000);;
Alcala;POINT (-75,78250000000000000 4,67360000000000000);;
Puerto Concordia;POINT (-72,75920000000000000 2,62330000000000000);;
Achi;POINT (-74,55610000000000000 8,56920000000000000);;
Curumani;POINT (-73,54250000000000000 9,19970000000000000);;
Dabeiba;POINT (-76,26110000000000000 7,00140000000000000);;
Guadalupe;POINT (-75,75640000000000000 2,0250000000000000);;
Ataco;POINT (-75,38220000000000000 3,58970000000000000);;
Santa Fe de Antioquia;POINT (-75,82750000000000000 6,55640000000000000);;
Amalfi;POINT (-75,07670000000000000 6,90920000000000000);;
Buenavista;POINT (-75,48170000000000000 8,22330000000000000);;
Manzanares;POINT (-75,15690000000000000 5,25190000000000000);;
Sardinata;POINT (-72,80030000000000000 8,08360000000000000);;
Mutata;POINT (-76,43580000000000000 7,24330000000000000);;
La Jagua de Ibirico;POINT (-73,33640000000000000 9,56110000000000000);;
Natagaima;POINT (-75,09360000000000000 3,62310000000000000);;
El Doncello;POINT (-75,2850000000000000 1,680000000000000);;
El Colegio;POINT (-74,44250000000000000 4,58080000000000000);;
Pailitas;POINT (-73,6250000000000000 8,95970000000000000);;
Timbiqui;POINT (-77,6650000000000000 2,77190000000000000);;
Tiquisio;POINT (-74,26390000000000000 8,55780000000000000);;
Mocoa;POINT (-76,64640000000000000 1,14920000000000000);;
Silvania;POINT (-74,38810000000000000 4,40330000000000000);;
Taminango;POINT (-77,28060000000000000 1,570000000000000);;
Ginebra;POINT (-76,26720000000000000 3,72440000000000000);;
Puerto Triunfo;POINT (-74,63970000000000000 5,87280000000000000);;
San Jacinto;POINT (-75,12190000000000000 9,83110000000000000);;
Nueva Granada;POINT (-74,39170000000000000 9,80110000000000000);;
Galeras;POINT (-75,04890000000000000 9,15860000000000000);;
Villagarzon;POINT (-76,61640000000000000 1,02940000000000000);;
San Bernardo;POINT (-77,04670000000000000 1,51640000000000000);;
El Paujil;POINT (-75,32640000000000000 1,56940000000000000);;
Santa Barbara;POINT (-75,56610000000000000 5,87470000000000000);;
Moniquira;POINT (-73,57170000000000000 5,87440000000000000);;
Almaguer;POINT (-76,85610000000000000 1,91310000000000000);;
Totoro;POINT (-76,40190000000000000 2,51030000000000000);;
Aguadas;POINT (-75,45640000000000000 5,60920000000000000);;
Montecristo;POINT (-74,47280000000000000 8,29580000000000000);;
Suaza;POINT (-75,79560000000000000 1,9750000000000000);;
Villapinzon;POINT (-73,59670000000000000 5,21580000000000000);;
Fredonia;POINT (-75,67390000000000000 5,92670000000000000);;
El Reten;POINT (-74,26830000000000000 10,61060000000000000);;
Bugalagrande;POINT (-76,15750000000000000 4,20750000000000000);;
Lopez;POINT (-77,24720000000000000 2,84640000000000000);;
Sotomayor;POINT (-77,52140000000000000 1,49330000000000000);;
Ovejas;POINT (-75,22720000000000000 9,52580000000000000);;
Samaca;POINT (-73,48670000000000000 5,49190000000000000);;
Timana;POINT (-75,91390000000000000 1,94990000000000000);;
San Lorenzo;POINT (-77,21780000000000000 1,50390000000000000);;
Concordia;POINT (-75,90750000000000000 6,04560000000000000);;
Simiti;POINT (-73,94610000000000000 7,95640000000000000);;
Tenjo;POINT (-74,14390000000000000 4,86970000000000000);;
Rovira;POINT (-75,24030000000000000 4,23920000000000000);;
Inirida;POINT (-67,92110000000000000 3,87080000000000000);;
Urumita;POINT (-73,01360000000000000 10,56030000000000000);;
Polonuevo;POINT (-74,85280000000000000 10,77720000000000000);;
La Union;POINT (-75,36110000000000000 5,97280000000000000);;
Tado;POINT (-76,560000000000000 5,26330000000000000);;
Velez;POINT (-73,67360000000000000 6,01310000000000000);;
Tocaima;POINT (-74,63470000000000000 4,45780000000000000);;
Villa de Leyva;POINT (-73,52560000000000000 5,63310000000000000);;
Campo de la Cruz;POINT (-74,88140000000000000 10,37780000000000000);;
Sabana de Torres;POINT (-73,50030000000000000 7,39030000000000000);;
Pelaya;POINT (-73,66530000000000000 8,68920000000000000);;
Salgar;POINT (-75,97750000000000000 5,96390000000000000);;
La Primavera;POINT (-70,40920000000000000 5,49060000000000000);;
Guaranda;POINT (-74,53670000000000000 8,46720000000000000);;
Suesca;POINT (-73,79810000000000000 5,10170000000000000);;
Betulia;POINT (-75,98390000000000000 6,11220000000000000);;
El Rosal;POINT (-74,26280000000000000 4,85190000000000000);;
Retiro;POINT (-75,50390000000000000 6,05970000000000000);;
Puerto Carreño;POINT (-67,48580000000000000 6,18890000000000000);;
El Piñon;POINT (-74,82310000000000000 10,40390000000000000);;
Anori;POINT (-75,14690000000000000 7,07360000000000000);;
Aquitania;POINT (-72,88360000000000000 5,51940000000000000);;
Chivolo;POINT (-74,62140000000000000 10,02640000000000000);;
Guasca;POINT (-73,87720000000000000 4,86580000000000000);;
Landazuri;POINT (-73,81140000000000000 6,21810000000000000);;
Tamesis;POINT (-75,71440000000000000 5,66470000000000000);;
Obando;POINT (-75,97310000000000000 4,57610000000000000);;
Condoto;POINT (-76,650000000000000 5,09170000000000000);;
Sopetran;POINT (-75,74330000000000000 6,50170000000000000);;
Tenerife;POINT (-74,85890000000000000 9,89890000000000000);;
Juan de Acosta;POINT (-75,0350000000000000 10,82860000000000000);;
Titiribi;POINT (-75,79360000000000000 6,06250000000000000);;
El Carmen de Atrato;POINT (-76,14310000000000000 5,89830000000000000);;
Rio de Oro;POINT (-73,38720000000000000 8,29170000000000000);;
Cordoba;POINT (-77,51780000000000000 0,85330000000000000);;
Guapi;POINT (-77,860000000000000 2,56040000000000000);;
Jardin;POINT (-75,81970000000000000 5,59830000000000000);;
Altos del Rosario;POINT (-74,16360000000000000 8,79140000000000000);;
Filandia;POINT (-75,65830000000000000 4,67330000000000000);;
Manati;POINT (-74,95920000000000000 10,44810000000000000);;
San Jacinto del Cauca;POINT (-74,720000000000000 8,24970000000000000);;
Rosas;POINT (-76,740000000000000 2,260000000000000);;
Anolaima;POINT (-74,46470000000000000 4,76330000000000000);;
Los Santos;POINT (-73,10220000000000000 6,75610000000000000);;
Santa Barbara de Pinto;POINT (-74,70170000000000000 9,43530000000000000);;
Candelaria;POINT (-74,88060000000000000 10,45920000000000000);;
Saboya;POINT (-73,76310000000000000 5,69690000000000000);;
Hatillo de Loba;POINT (-74,07690000000000000 8,95560000000000000);;
Cordoba;POINT (-74,91670000000000000 9,50000000000000);;
Ebejico;POINT (-75,76610000000000000 6,32640000000000000);;
Caimito;POINT (-75,11610000000000000 8,78940000000000000);;
Curiti;POINT (-73,06810000000000000 6,60440000000000000);;
Oiba;POINT (-73,29920000000000000 6,26390000000000000);;
Santa Lucia;POINT (-74,95890000000000000 10,32470000000000000);;
Puente Nacional;POINT (-73,67860000000000000 5,87720000000000000);;
La Union;POINT (-75,27670000000000000 8,85720000000000000);;
Cisneros;POINT (-75,08860000000000000 6,53830000000000000);;
Guayabal;POINT (-74,88440000000000000 5,03060000000000000);;
Talaigua Nuevo;POINT (-74,56780000000000000 9,30280000000000000);;
Coveñas;POINT (-75,680000000000000 9,40140000000000000);;
Bojaca;POINT (-74,34220000000000000 4,73360000000000000);;
El Playon;POINT (-73,20330000000000000 7,47030000000000000);;
El aguila;POINT (-76,04220000000000000 4,90810000000000000);;
Agua de Dios;POINT (-74,66830000000000000 4,37810000000000000);;
El Tarra;POINT (-73,09440000000000000 8,57560000000000000);;
Mogotes;POINT (-72,97030000000000000 6,47640000000000000);;
Santo Domingo;POINT (-75,16580000000000000 6,47080000000000000);;
Tubara;POINT (-74,97860000000000000 10,87420000000000000);;
Regidor;POINT (-73,82220000000000000 8,66640000000000000);;
Lenguazaque;POINT (-73,71170000000000000 5,30690000000000000);;
Charala;POINT (-73,14670000000000000 6,28750000000000000);;
Medina;POINT (-73,34940000000000000 4,50920000000000000);;
Granada;POINT (-75,18530000000000000 6,14420000000000000);;
Suaita;POINT (-73,44060000000000000 6,10190000000000000);;
Margarita;POINT (-74,28810000000000000 9,15310000000000000);;
Norosi;POINT (-74,03780000000000000 8,52610000000000000);;
Chita;POINT (-72,47250000000000000 6,18780000000000000);;
Pesca;POINT (-73,05030000000000000 5,55890000000000000);;
Granada;POINT (-74,35140000000000000 4,51860000000000000);;
Tibana;POINT (-73,39690000000000000 5,31720000000000000);;
San Zenon;POINT (-74,49920000000000000 9,2450000000000000);;
Nuqui;POINT (-77,27030000000000000 5,70690000000000000);;
Alvarado;POINT (-74,95330000000000000 4,56720000000000000);;
Zapatoca;POINT (-73,26830000000000000 6,8150000000000000);;
Junin;POINT (-73,66330000000000000 4,79030000000000000);;
Iles;POINT (-77,52080000000000000 0,97060000000000000);;
La Belleza;POINT (-73,96560000000000000 5,85750000000000000);;
Usiacuri;POINT (-74,97580000000000000 10,74280000000000000);;
Muzo;POINT (-74,10440000000000000 5,52970000000000000);;
Orocue;POINT (-71,33920000000000000 4,78970000000000000);;
Guatape;POINT (-75,15860000000000000 6,23250000000000000);;
San Francisco;POINT (-74,28920000000000000 4,97110000000000000);;
Aratoca;POINT (-73,01750000000000000 6,69560000000000000);;
Uramita;POINT (-76,17360000000000000 6,89860000000000000);;
Uribe;POINT (-74,35360000000000000 3,24080000000000000);;
Motavita;POINT (-73,36720000000000000 5,57720000000000000);;
Pedraza;POINT (-74,91560000000000000 10,18860000000000000);;
Puerto Parra;POINT (-74,05690000000000000 6,65140000000000000);;
San Luis de Palenque;POINT (-71,73140000000000000 5,42220000000000000);;
Paratebueno;POINT (-73,21310000000000000 4,37530000000000000);;
Santana;POINT (-73,48110000000000000 6,05720000000000000);;
Coromoro;POINT (-73,04060000000000000 6,2950000000000000);;
Ambalema;POINT (-74,76390000000000000 4,78170000000000000);;
Tarso;POINT (-75,82250000000000000 5,8650000000000000);;
Maripi;POINT (-74,00670000000000000 5,54890000000000000);;
Simacota;POINT (-73,33750000000000000 6,44310000000000000);;
Soata;POINT (-72,68390000000000000 6,33280000000000000);;
Tona;POINT (-72,96640000000000000 7,20190000000000000);;
Socha;POINT (-72,69220000000000000 5,99780000000000000);;
Salento;POINT (-75,57080000000000000 4,63720000000000000);;
Boavita;POINT (-72,58420000000000000 6,33080000000000000);;
Guatavita;POINT (-73,83440000000000000 4,93440000000000000);;
Güican;POINT (-72,41190000000000000 6,46250000000000000);;
Puerto Nariño;POINT (-70,38310000000000000 -3,77030000000000000);;
Cubara;POINT (-72,10810000000000000 7,00080000000000000);;
Tasco;POINT (-72,78140000000000000 5,90920000000000000);;
Florian;POINT (-73,97140000000000000 5,80280000000000000);;
Heliconia;POINT (-75,730000000000000 6,21060000000000000);;
Coloso;POINT (-75,35250000000000000 9,49420000000000000);;
Alban;POINT (-74,43830000000000000 4,87830000000000000);;
Sutamarchan;POINT (-73,62140000000000000 5,62060000000000000);;
Chitaraque;POINT (-73,44690000000000000 6,02830000000000000);;
Zipacon;POINT (-74,37970000000000000 4,760000000000000);;
Chiquiza;POINT (-73,48890000000000000 5,610000000000000);;
Villanueva;POINT (-73,17470000000000000 6,67190000000000000);;
Caramanta;POINT (-75,64420000000000000 5,54670000000000000);;
Tota;POINT (-72,98610000000000000 5,56030000000000000);;
Cordoba;POINT (-75,68780000000000000 4,39110000000000000);;
El Cocuy;POINT (-72,44440000000000000 6,40940000000000000);;
Arcabuco;POINT (-73,43750000000000000 5,75440000000000000);;
San Jose de Pare;POINT (-73,54670000000000000 6,01920000000000000);;
Labranzagrande;POINT (-72,57750000000000000 5,56330000000000000);;
Togüi;POINT (-73,51330000000000000 5,93750000000000000);;
Piojo;POINT (-75,10750000000000000 10,75030000000000000);;
El Peñon;POINT (-74,29080000000000000 5,24890000000000000);;
Chiscas;POINT (-72,49940000000000000 6,55310000000000000);;
Santa Rosalia;POINT (-70,87560000000000000 5,12610000000000000);;
El Espino;POINT (-72,49670000000000000 6,48250000000000000);;
Puerto Rondon;POINT (-71,10030000000000000 6,280000000000000);;
Sachica;POINT (-73,54220000000000000 5,58330000000000000);;
Güepsa;POINT (-73,57250000000000000 6,02440000000000000);;
San Mateo;POINT (-72,5550000000000000 6,40250000000000000);;
Guavata;POINT (-73,70080000000000000 5,95440000000000000);;
Guayabal de Siquima;POINT (-74,46690000000000000 4,87720000000000000);;
Chinavita;POINT (-73,36890000000000000 5,16690000000000000);;
Concepcion;POINT (-75,25830000000000000 6,3950000000000000);;
La Jagua del Pilar;POINT (-73,07140000000000000 10,510000000000000);;
Cravo Norte;POINT (-70,20390000000000000 6,30420000000000000);;
Palmar;POINT (-73,29060000000000000 6,53830000000000000);;
Tipacoque;POINT (-72,69170000000000000 6,42030000000000000);;
Susacon;POINT (-72,69110000000000000 6,22940000000000000);;
Tinjaca;POINT (-73,64610000000000000 5,58080000000000000);;
Sora;POINT (-73,4970000000000000 5,5740000000000000);;
Covarachia;POINT (-72,73890000000000000 6,50030000000000000);;
Oicata;POINT (-73,30810000000000000 5,59440000000000000);;
Guataqui;POINT (-74,79060000000000000 4,51690000000000000);;
Santa Sofia;POINT (-73,60310000000000000 5,71360000000000000);;
Jerusalen;POINT (-74,69530000000000000 4,56310000000000000);;
Gachantiva;POINT (-73,54940000000000000 5,75080000000000000);;
Briceño;POINT (-73,92220000000000000 5,69140000000000000);;
La Uvita;POINT (-72,560000000000000 6,31610000000000000);;
Encino;POINT (-73,09810000000000000 6,13780000000000000);;
Vetas;POINT (-72,87060000000000000 7,30970000000000000);;
Jurado;POINT (-77,77140000000000000 7,11140000000000000);;
Iza;POINT (-72,97860000000000000 5,61250000000000000);;
Sativanorte;POINT (-72,70750000000000000 6,13140000000000000);;
Palmas del Socorro;POINT (-73,28830000000000000 6,40720000000000000);;
Almeida;POINT (-73,37860000000000000 4,97060000000000000);;
Guacamayas;POINT (-72,50060000000000000 6,45940000000000000);;
Galan;POINT (-73,28780000000000000 6,63780000000000000);;
Tutaza;POINT (-72,85610000000000000 6,03170000000000000);;
Cepita;POINT (-72,97330000000000000 6,75280000000000000);;
San Eduardo;POINT (-73,07690000000000000 5,22250000000000000);;
Tunungua;POINT (-73,93220000000000000 5,73030000000000000);;
Pajarito;POINT (-72,70310000000000000 5,29310000000000000);;
La Victoria;POINT (-74,23280000000000000 5,52280000000000000);;
Panqueba;POINT (-72,45920000000000000 6,44280000000000000);;
Sativasur;POINT (-72,71170000000000000 6,09330000000000000);;
Mahates;POINT (-75,19110000000000000 10,23220000000000000);;
Barichara;POINT (-73,22360000000000000 6,63610000000000000);;
La Estrella;POINT (-75,64320000000000000 6,15770000000000000);;
Malambo;POINT (-74,77390000000000000 10,85950000000000000);;
Rionegro;POINT (-75,37370000000000000 6,15510000000000000);;
Galapa;POINT (-74,8860000000000000 10,89690000000000000);;
Cota;POINT (-74,0980000000000000 4,80940000000000000);;
La Tebaida;POINT (-75,78750000000000000 4,45260000000000000);;
Chinchina;POINT (-75,60360000000000000 4,98250000000000000);;
Gachancipa;POINT (-73,87310000000000000 4,99080000000000000);;
La Ceja;POINT (-75,43150000000000000 6,03080000000000000);;
Santuario;POINT (-75,26420000000000000 6,13830000000000000);;
Calarca;POINT (-75,64090000000000000 4,52950000000000000);;
Sesquile;POINT (-73,79720000000000000 5,04530000000000000);;
Santo Tomas;POINT (-74,75450000000000000 10,75770000000000000);;
Nobsa;POINT (-72,940000000000000 5,76970000000000000);;
Malaga;POINT (-72,73230000000000000 6,6990000000000000);;
Palmira;POINT (-76,30360000000000000 3,53940000000000000);;
Providencia;POINT (-77,59750000000000000 1,23890000000000000);;
Candelaria;POINT (-76,34820000000000000 3,40670000000000000);;
Apartado;POINT (-76,62590000000000000 7,8830000000000000);;
Guateque;POINT (-73,47310000000000000 5,00580000000000000);;
Piendamo;POINT (-76,53480000000000000 2,64790000000000000);;
Sahagun;POINT (-75,44270000000000000 8,94620000000000000);;
Marmato;POINT (-75,59920000000000000 5,47530000000000000);;
Suan;POINT (-74,88020000000000000 10,33350000000000000);;
Santa Isabel;POINT (-81,36890000000000000 13,38170000000000000);;
La Mesa;POINT (-74,46250000000000000 4,63030000000000000);;
Villa Rica;POINT (-76,46310000000000000 3,17360000000000000);;
Puerto Santander;POINT (-72,40750000000000000 8,36360000000000000);;
Granada;POINT (-73,70690000000000000 3,54620000000000000);;
Sibundoy;POINT (-76,91920000000000000 1,20330000000000000);;
Cotorra;POINT (-75,79330000000000000 9,03890000000000000);;
Cachipay;POINT (-74,43660000000000000 4,73040000000000000);;
Gualmatan;POINT (-77,56610000000000000 0,91920000000000000);;
Buenos Aires;POINT (-76,64280000000000000 3,0150000000000000);;
Belen;POINT (-77,0140000000000000 1,59790000000000000);;
Recetor;POINT (-72,760000000000000 5,22830000000000000);;
Coello;POINT (-74,89780000000000000 4,28830000000000000);;
Tena;POINT (-74,390000000000000 4,65470000000000000);;
Tibasosa;POINT (-72,99890000000000000 5,74810000000000000);;
Genova;POINT (-77,01940000000000000 1,64420000000000000);;
Marquetalia;POINT (-75,05310000000000000 5,29690000000000000);;
Peñol;POINT (-75,24330000000000000 6,21910000000000000);;
San Pablo;POINT (-77,01410000000000000 1,67150000000000000);;
Guatica;POINT (-75,79830000000000000 5,31640000000000000);;
Clemencia;POINT (-75,32580000000000000 10,56750000000000000);;
Contadero;POINT (-77,55060000000000000 0,910000000000000);;
Nilo;POINT (-74,620000000000000 4,30690000000000000);;
La Pintada;POINT (-75,60530000000000000 5,74190000000000000);;
Pupiales;POINT (-77,64030000000000000 0,87080000000000000);;
Susa;POINT (-73,81440000000000000 5,45390000000000000);;
Ulloa;POINT (-75,73720000000000000 4,70190000000000000);;
Villanueva;POINT (-75,27310000000000000 10,44360000000000000);;
Cicuco;POINT (-74,64470000000000000 9,27830000000000000);;
San Cristobal;POINT (-75,06310000000000000 10,39250000000000000);;
San Antonio del Tequendama;POINT (-74,35220000000000000 4,61610000000000000);;
Andalucia;POINT (-76,1650000000000000 4,17080000000000000);;
Anserma;POINT (-75,78460000000000000 5,23480000000000000);;
Prado-Sevilla;POINT (-74,13920000000000000 10,76340000000000000);;
Palocabildo;POINT (-75,02360000000000000 5,120000000000000);;
Caqueza;POINT (-73,94780000000000000 4,40530000000000000);;
Cabrera;POINT (-73,24650000000000000 6,59280000000000000);;
Cartago;POINT (-77,11890000000000000 1,55140000000000000);;
Ospina;POINT (-77,56640000000000000 1,05810000000000000);;
Nemocon;POINT (-73,87810000000000000 5,06670000000000000);;
Simijaca;POINT (-73,85170000000000000 5,50330000000000000);;
El Cerrito;POINT (-76,31370000000000000 3,68550000000000000);;
Carlosama;POINT (-77,72720000000000000 0,86310000000000000);;
Aldana;POINT (-77,70060000000000000 0,88220000000000000);;
Nuevo Colon;POINT (-73,45640000000000000 5,35420000000000000);;
Nimaima;POINT (-74,38580000000000000 5,12610000000000000);;
Palestina;POINT (-75,62330000000000000 5,01940000000000000);;
Berruecos;POINT (-77,13580000000000000 1,50310000000000000);;
Apia;POINT (-75,94330000000000000 5,10530000000000000);;
Pueblorrico;POINT (-75,84060000000000000 5,79060000000000000);;
Purisima de la Concepcion;POINT (-75,72360000000000000 9,23640000000000000);;
Chivata;POINT (-73,28220000000000000 5,55860000000000000);;
San Sebastian de Mariquita;POINT (-74,89290000000000000 5,19890000000000000);;
Restrepo;POINT (-76,52240000000000000 3,8220000000000000);;
San Pedro;POINT (-75,55780000000000000 6,46130000000000000);;
Calamar;POINT (-74,91570000000000000 10,25270000000000000);;
Jenesano;POINT (-73,36360000000000000 5,3850000000000000);;
Florencia;POINT (-77,07220000000000000 1,68220000000000000);;
Anapoima;POINT (-74,53610000000000000 4,55030000000000000);;
San Jose;POINT (-75,790000000000000 5,090000000000000);;
Topaga;POINT (-72,83170000000000000 5,76780000000000000);;
Venecia;POINT (-75,73810000000000000 5,96280000000000000);;
Cucaita;POINT (-73,45420000000000000 5,54390000000000000);;
Angelopolis;POINT (-75,710000000000000 6,11170000000000000);;
Santa Rosa de Viterbo;POINT (-72,98170000000000000 5,87470000000000000);;
Padilla;POINT (-76,31390000000000000 3,22040000000000000);;
Sutatenza;POINT (-73,45190000000000000 5,02110000000000000);;
Momil;POINT (-75,67750000000000000 9,23970000000000000);;
Risaralda;POINT (-75,7660000000000000 5,16650000000000000);;
Ventaquemada;POINT (-73,52190000000000000 5,36640000000000000);;
Caloto;POINT (-76,40790000000000000 3,03590000000000000);;
Guachene;POINT (-76,39250000000000000 3,13360000000000000);;
Yacuanquer;POINT (-77,40220000000000000 1,1150000000000000);;
San Vicente;POINT (-75,33220000000000000 6,28190000000000000);;
Manaure Balcon del Cesar;POINT (-73,03250000000000000 10,39280000000000000);;
Pinchote;POINT (-73,17250000000000000 6,53250000000000000);;
Turbana;POINT (-75,44390000000000000 10,27280000000000000);;
Hispania;POINT (-75,9120000000000000 5,8030000000000000);;
Nariño;POINT (-77,35720000000000000 1,28990000000000000);;
Chinacota;POINT (-72,60060000000000000 7,60690000000000000);;
Villanueva;POINT (-72,9790000000000000 10,60770000000000000);;
Vijes;POINT (-76,44190000000000000 3,69830000000000000);;
Combita;POINT (-73,32310000000000000 5,63390000000000000);;
Boyaca;POINT (-73,36190000000000000 5,45420000000000000);;
Concordia;POINT (-74,83220000000000000 10,25810000000000000);;
Chachagüi;POINT (-77,28340000000000000 1,36060000000000000);;
Viterbo;POINT (-75,87330000000000000 5,06060000000000000);;
Soplaviento;POINT (-75,13670000000000000 10,39080000000000000);;
Guachucal;POINT (-77,73190000000000000 0,96030000000000000);;
Soraca;POINT (-73,33330000000000000 5,50060000000000000);;
La Vega;POINT (-74,33980000000000000 4,99780000000000000);;
San Pedro;POINT (-76,22780000000000000 3,99460000000000000);;
Mompos;POINT (-74,42670000000000000 9,24190000000000000);;
Belalcazar;POINT (-75,81190000000000000 4,99360000000000000);;
Cienega;POINT (-73,29610000000000000 5,40890000000000000);;
Oporapa;POINT (-75,99530000000000000 2,02310000000000000);;
Sasaima;POINT (-74,43470000000000000 4,9650000000000000);;
Santa Catalina;POINT (-75,28780000000000000 10,60390000000000000);;
La Hormiga;POINT (-76,90560000000000000 0,42580000000000000);;
Garagoa;POINT (-73,36390000000000000 5,08220000000000000);;
Jambalo;POINT (-76,32390000000000000 2,77640000000000000);;
Tenza;POINT (-73,42110000000000000 5,07690000000000000);;
Nocaima;POINT (-74,37810000000000000 5,07030000000000000);;
Toro;POINT (-76,08140000000000000 4,61170000000000000);;
Los Palmitos;POINT (-75,26830000000000000 9,38030000000000000);;
Palmito;POINT (-75,54190000000000000 9,33220000000000000);;
Subachoque;POINT (-74,17360000000000000 4,92810000000000000);;
La Celia;POINT (-76,00390000000000000 5,00190000000000000);;
Morroa;POINT (-75,30670000000000000 9,33360000000000000);;
San Jeronimo;POINT (-75,72780000000000000 6,44170000000000000);;
Ancuya;POINT (-77,5150000000000000 1,26330000000000000);;
Buenavista;POINT (-74,97170000000000000 9,31970000000000000);;
Consaca;POINT (-77,46580000000000000 1,20810000000000000);;
Imues;POINT (-77,49690000000000000 1,0550000000000000);;
San Pedro;POINT (-75,06310000000000000 9,39560000000000000);;
Sutatausa;POINT (-73,85250000000000000 5,24720000000000000);;
Cocorna;POINT (-75,18530000000000000 6,05780000000000000);;
Gonzalez;POINT (-73,38110000000000000 8,39030000000000000);;
La Cruz;POINT (-76,97060000000000000 1,60140000000000000);;
Ricaurte;POINT (-74,76470000000000000 4,28080000000000000);;
Lebrija;POINT (-73,21780000000000000 7,11320000000000000);;
Mongui;POINT (-72,84920000000000000 5,72250000000000000);;
Sevilla;POINT (-75,93090000000000000 4,26420000000000000);;
Enciso;POINT (-72,70000000000000 6,66810000000000000);;
San Juan de Betulia;POINT (-75,24360000000000000 9,27330000000000000);;
Ragonvalia;POINT (-72,47470000000000000 7,57780000000000000);;
San Estanislao;POINT (-75,15140000000000000 10,39780000000000000);;
Santuario;POINT (-75,96440000000000000 5,07470000000000000);;
Ramiriqui;POINT (-73,33560000000000000 5,40080000000000000);;
Caucasia;POINT (-75,19350000000000000 7,98650000000000000);;
Pital;POINT (-75,80530000000000000 2,26690000000000000);;
Saldaña;POINT (-75,01560000000000000 3,92920000000000000);;
Guaitarilla;POINT (-77,54860000000000000 1,12970000000000000);;
Jerico;POINT (-75,78580000000000000 5,79110000000000000);;
Pandi;POINT (-74,48780000000000000 4,19110000000000000);;
umbita;POINT (-73,45720000000000000 5,22060000000000000);;
Aranzazu;POINT (-75,49080000000000000 5,27140000000000000);;
Palestina;POINT (-76,13060000000000000 1,72250000000000000);;
Betania;POINT (-75,97920000000000000 5,73470000000000000);;
Fuquene;POINT (-73,79580000000000000 5,4050000000000000);;
Guacheta;POINT (-73,68560000000000000 5,38560000000000000);;
Apulo;POINT (-74,59860000000000000 4,52080000000000000);;
Saravena;POINT (-71,87670000000000000 6,95470000000000000);;
Capitanejo;POINT (-72,69780000000000000 6,53030000000000000);;
Turmeque;POINT (-73,48970000000000000 5,32360000000000000);;
Toribio;POINT (-76,26840000000000000 2,95480000000000000);;
Lerida;POINT (-74,91310000000000000 4,860000000000000);;
Raquira;POINT (-73,630000000000000 5,53890000000000000);;
Sucre;POINT (-76,9250000000000000 2,03750000000000000);;
Linares;POINT (-77,52310000000000000 1,35030000000000000);;
Tolu Viejo;POINT (-75,43940000000000000 9,45190000000000000);;
Ocamonte;POINT (-73,12250000000000000 6,33970000000000000);;
La Florida;POINT (-77,40690000000000000 1,29970000000000000);;
Arroyohondo;POINT (-75,01940000000000000 10,24940000000000000);;
Pacho;POINT (-74,15980000000000000 5,13280000000000000);;
Siachoque;POINT (-73,24420000000000000 5,51310000000000000);;
Distraccion;POINT (-72,88670000000000000 10,89780000000000000);;
Fosca;POINT (-73,93920000000000000 4,33830000000000000);;
Toca;POINT (-73,1840000000000000 5,56390000000000000);;
Buenavista;POINT (-75,73890000000000000 4,35970000000000000);;
Cerro de San Antonio;POINT (-74,86810000000000000 10,3250000000000000);;
Venadillo;POINT (-74,92940000000000000 4,71830000000000000);;
Guadalupe;POINT (-75,24060000000000000 6,81450000000000000);;
Tuta;POINT (-73,22750000000000000 5,68970000000000000);;
La Apartada;POINT (-75,33560000000000000 8,050000000000000);;
Somondoco;POINT (-73,43220000000000000 4,98610000000000000);;
San Pablo de Borbur;POINT (-74,06940000000000000 5,65140000000000000);;
Paramo;POINT (-73,170000000000000 6,41640000000000000);;
utica;POINT (-74,48110000000000000 5,18860000000000000);;
Valparaiso;POINT (-75,62420000000000000 5,6150000000000000);;
Ubaque;POINT (-73,93440000000000000 4,48310000000000000);;
Rivera;POINT (-75,25530000000000000 2,77720000000000000);;
Nariño;POINT (-75,17660000000000000 5,60890000000000000);;
La Plata;POINT (-75,89230000000000000 2,39340000000000000);;
Viota;POINT (-74,52390000000000000 4,43810000000000000);;
Chipata;POINT (-73,63780000000000000 6,06140000000000000);;
Chipaque;POINT (-74,04420000000000000 4,44250000000000000);;
Filadelfia;POINT (-75,56170000000000000 5,29610000000000000);;
Cucunuba;POINT (-73,76610000000000000 5,250000000000000);;
Viani;POINT (-74,56280000000000000 4,87390000000000000);;
Cerinza;POINT (-72,94690000000000000 5,95640000000000000);;
Campamento;POINT (-75,29580000000000000 6,97920000000000000);;
Sapuyes;POINT (-77,62140000000000000 1,03690000000000000);;
Icononzo;POINT (-74,53280000000000000 4,17580000000000000);;
Ansermanuevo;POINT (-75,99310000000000000 4,79690000000000000);;
Cuitiva;POINT (-72,96580000000000000 5,580000000000000);;
Firavitoba;POINT (-72,99280000000000000 5,66940000000000000);;
La Peña;POINT (-74,39360000000000000 5,19920000000000000);;
Quetame;POINT (-73,86280000000000000 4,33030000000000000);;
Barranco de Loba;POINT (-74,10580000000000000 8,94560000000000000);;
Armenia;POINT (-75,78580000000000000 6,15640000000000000);;
San Jose de Miranda;POINT (-72,73310000000000000 6,65890000000000000);;
Argelia;POINT (-76,12170000000000000 4,72610000000000000);;
Cañasgordas;POINT (-76,02580000000000000 6,74970000000000000);;
Toledo;POINT (-75,69530000000000000 7,01310000000000000);;
Gamarra;POINT (-73,74330000000000000 8,32080000000000000);;
Trujillo;POINT (-76,31940000000000000 4,21220000000000000);;
Carmen de Apicala;POINT (-74,71860000000000000 4,14780000000000000);;
Bolivar;POINT (-76,96890000000000000 1,83990000000000000);;
El Roble;POINT (-75,1950000000000000 9,10220000000000000);;
Cumbitara;POINT (-77,57830000000000000 1,64780000000000000);;
Anzoategui;POINT (-75,09470000000000000 4,63030000000000000);;
La Victoria;POINT (-76,03640000000000000 4,52140000000000000);;
Quebradanegra;POINT (-74,47920000000000000 5,11780000000000000);;
Floresta;POINT (-72,91860000000000000 5,85940000000000000);;
Buenavista;POINT (-73,94190000000000000 5,51140000000000000);;
Balboa;POINT (-75,95830000000000000 4,94980000000000000);;
Albania;POINT (-72,59240000000000000 11,1610000000000000);;
Liborina;POINT (-75,81220000000000000 6,67810000000000000);;
Arbelaez;POINT (-74,41560000000000000 4,27220000000000000);;
animas;POINT (-76,63080000000000000 5,27780000000000000);;
Choachi;POINT (-73,93330000000000000 4,53330000000000000);;
San Fernando;POINT (-74,32310000000000000 9,21190000000000000);;
Quipile;POINT (-74,53330000000000000 4,74330000000000000);;
San Luis;POINT (-75,09560000000000000 4,13220000000000000);;
La Sierra;POINT (-76,76420000000000000 2,17750000000000000);;
Yotoco;POINT (-76,38330000000000000 3,86030000000000000);;
Viracacha;POINT (-73,29610000000000000 5,43640000000000000);;
Tarqui;POINT (-75,82310000000000000 2,11060000000000000);;
San Roque;POINT (-75,01970000000000000 6,48530000000000000);;
Falan;POINT (-74,95170000000000000 5,12360000000000000);;
La Merced;POINT (-75,54690000000000000 5,39940000000000000);;
Barrancas;POINT (-72,79460000000000000 10,95670000000000000);;
Riofrio;POINT (-76,28780000000000000 4,15610000000000000);;
Chima;POINT (-75,62890000000000000 9,14890000000000000);;
Entrerrios;POINT (-75,51420000000000000 6,56530000000000000);;
Argelia;POINT (-75,14190000000000000 5,73190000000000000);;
Pasca;POINT (-74,30080000000000000 4,30750000000000000);;
California;POINT (-72,94560000000000000 7,34780000000000000);;
Tibacuy;POINT (-74,45250000000000000 4,34720000000000000);;
Salamina;POINT (-74,79390000000000000 10,49030000000000000);;
Chalan;POINT (-75,31250000000000000 9,54390000000000000);;
Nataga;POINT (-75,80860000000000000 2,54390000000000000);;
San Benito;POINT (-73,50890000000000000 6,12670000000000000);;
Pacora;POINT (-75,45890000000000000 5,52580000000000000);;
Tausa;POINT (-73,88750000000000000 5,19640000000000000);;
Elias;POINT (-75,93970000000000000 2,01360000000000000);;
Abejorral;POINT (-75,42690000000000000 5,79060000000000000);;
Caicedo;POINT (-75,98530000000000000 6,40690000000000000);;
Matanza;POINT (-73,01560000000000000 7,32280000000000000);;
Angostura;POINT (-75,33470000000000000 6,88510000000000000);;
Arenal;POINT (-73,94330000000000000 8,45930000000000000);;
San Rafael;POINT (-75,02810000000000000 6,2950000000000000);;
Leiva;POINT (-77,30530000000000000 1,93390000000000000);;
La Cumbre;POINT (-76,56980000000000000 3,650000000000000);;
El Cairo;POINT (-76,22250000000000000 4,76080000000000000);;
Valle de San Jose;POINT (-73,14360000000000000 6,44750000000000000);;
Une;POINT (-74,0250000000000000 4,40190000000000000);;
Gacheta;POINT (-73,63610000000000000 4,81640000000000000);;
Busbanza;POINT (-72,88420000000000000 5,83030000000000000);;
San Francisco;POINT (-76,87970000000000000 1,17470000000000000);;
Salamina;POINT (-75,48750000000000000 5,40730000000000000);;
Pauna;POINT (-73,97890000000000000 5,65610000000000000);;
El Tablon;POINT (-77,09690000000000000 1,42690000000000000);;
Albania;POINT (-73,91330000000000000 5,75890000000000000);;
Tibirita;POINT (-73,50420000000000000 5,05110000000000000);;
San Sebastian de Buenavista;POINT (-74,35190000000000000 9,23920000000000000);;
La Capilla;POINT (-73,44360000000000000 5,09560000000000000);;
Olaya;POINT (-75,81190000000000000 6,62780000000000000);;
El Tambo;POINT (-77,39220000000000000 1,40780000000000000);;
El Peñol;POINT (-77,43970000000000000 1,45360000000000000);;
Casabianca;POINT (-75,120000000000000 5,07920000000000000);;
La Argentina;POINT (-75,980000000000000 2,19750000000000000);;
Quipama;POINT (-74,17920000000000000 5,51940000000000000);;
San Cayetano;POINT (-72,62470000000000000 7,87720000000000000);;
Belen;POINT (-72,91220000000000000 5,98940000000000000);;
Caldas;POINT (-73,86570000000000000 5,55460000000000000);;
Paispamba;POINT (-76,61090000000000000 2,25460000000000000);;
Gameza;POINT (-72,8050000000000000 5,80280000000000000);;
Bochalema;POINT (-72,64720000000000000 7,61140000000000000);;
San Sebastian;POINT (-76,77170000000000000 1,84110000000000000);;
Gomez Plata;POINT (-75,21810000000000000 6,68170000000000000);;
Hobo;POINT (-75,450000000000000 2,58330000000000000);;
Nariño;POINT (-74,82730000000000000 4,39780000000000000);;
San Andres;POINT (-75,68250000000000000 6,90330000000000000);;
Policarpa;POINT (-77,46030000000000000 1,62830000000000000);;
El Molino;POINT (-72,92460000000000000 10,6530000000000000);;
Giraldo;POINT (-75,95280000000000000 6,68060000000000000);;
Santiago;POINT (-77,00110000000000000 1,14690000000000000);;
Tangua;POINT (-77,39480000000000000 1,09470000000000000);;
Miraflores;POINT (-73,14440000000000000 5,19640000000000000);;
Puerto Salgar;POINT (-74,65310000000000000 5,46530000000000000);;
Confines;POINT (-73,24080000000000000 6,35580000000000000);;
Cajamarca;POINT (-75,42870000000000000 4,44230000000000000);;
Gramalote;POINT (-72,79670000000000000 7,88810000000000000);;
San Miguel de Sema;POINT (-73,72280000000000000 5,51780000000000000);;
Corrales;POINT (-72,8450000000000000 5,82860000000000000);;
Herran;POINT (-72,48280000000000000 7,50610000000000000);;
iquira;POINT (-75,63460000000000000 2,64870000000000000);;
Bituima;POINT (-74,54060000000000000 4,87440000000000000);;
Guayata;POINT (-73,48920000000000000 4,96610000000000000);;
Colon;POINT (-76,96850000000000000 1,19120000000000000);;
Vergara;POINT (-74,34610000000000000 5,11780000000000000);;
Zambrano;POINT (-74,81570000000000000 9,74740000000000000);;
Sabanalarga;POINT (-75,81710000000000000 6,84890000000000000);;
Lourdes;POINT (-72,83250000000000000 7,94410000000000000);;
Villahermosa;POINT (-75,11690000000000000 5,030000000000000);;
La Palma;POINT (-74,38970000000000000 5,36060000000000000);;
San Martin de Loba;POINT (-74,03920000000000000 8,93890000000000000);;
Alejandria;POINT (-75,14110000000000000 6,37720000000000000);;
Ortega;POINT (-75,22170000000000000 3,93610000000000000);;
Gama;POINT (-73,61080000000000000 4,76280000000000000);;
Paz de Rio;POINT (-72,74940000000000000 5,98560000000000000);;
La Playa;POINT (-73,23830000000000000 8,21320000000000000);;
Valle de San Juan;POINT (-75,11720000000000000 4,19810000000000000);;
Puerto Nare;POINT (-74,58360000000000000 6,18440000000000000);;
San Antonio;POINT (-75,47940000000000000 3,9150000000000000);;
Algarrobo;POINT (-74,060000000000000 10,18860000000000000);;
Anza;POINT (-75,85420000000000000 6,30360000000000000);;
Pachavita;POINT (-73,39780000000000000 5,14060000000000000);;
Agrado;POINT (-75,77140000000000000 2,25730000000000000);;
Victoria;POINT (-74,9110000000000000 5,31650000000000000);;
Coconuco;POINT (-76,49580000000000000 2,34250000000000000);;
Yaguara;POINT (-75,51830000000000000 2,66470000000000000);;
Santa Rita;POINT (-76,48330000000000000 5,18330000000000000);;
Potosi;POINT (-77,57280000000000000 0,80810000000000000);;
Santa Maria;POINT (-75,58690000000000000 2,93780000000000000);;
El Peñon;POINT (-73,9470000000000000 8,98690000000000000);;
Tamalameque;POINT (-73,81390000000000000 8,85890000000000000);;
El Dovio;POINT (-76,23690000000000000 4,50890000000000000);;
Supata;POINT (-74,23670000000000000 5,06110000000000000);;
Samana;POINT (-74,99220000000000000 5,41260000000000000);;
San Calixto;POINT (-73,20780000000000000 8,40280000000000000);;
Versalles;POINT (-76,20000000000000 4,57560000000000000);;
Jesus Maria;POINT (-73,7810000000000000 5,87720000000000000);;
Guapota;POINT (-73,32190000000000000 6,31250000000000000);;
Genova;POINT (-75,78880000000000000 4,2080000000000000);;
Certegui;POINT (-76,60610000000000000 5,37110000000000000);;
Suarez;POINT (-76,69360000000000000 2,95420000000000000);;
Berbeo;POINT (-73,12670000000000000 5,22670000000000000);;
El Dorado;POINT (-73,83530000000000000 3,73920000000000000);;
Salahonda;POINT (-78,65780000000000000 2,04030000000000000);;
Pamplonita;POINT (-72,63780000000000000 7,43670000000000000);;
La Tola;POINT (-78,18970000000000000 2,39890000000000000);;
San Andres;POINT (-72,84930000000000000 6,81150000000000000);;
Villagomez;POINT (-74,19470000000000000 5,27330000000000000);;
Cumaral;POINT (-73,48640000000000000 4,26940000000000000);;
Macheta;POINT (-73,60750000000000000 5,08020000000000000);;
San Jose de la Montaña;POINT (-75,68360000000000000 6,84970000000000000);;
Jerico;POINT (-72,57080000000000000 6,14580000000000000);;
San Juan de Rioseco;POINT (-74,62060000000000000 4,84860000000000000);;
Guadalupe;POINT (-73,41830000000000000 6,24640000000000000);;
Norcasia;POINT (-74,88890000000000000 5,57420000000000000);;
Manta;POINT (-73,54030000000000000 5,00810000000000000);;
Aguada;POINT (-73,52170000000000000 6,16250000000000000);;
Carmen de Carupa;POINT (-73,90140000000000000 5,35030000000000000);;
Venecia;POINT (-74,47750000000000000 4,08810000000000000);;
Astrea;POINT (-73,97610000000000000 9,49690000000000000);;
Paime;POINT (-74,15170000000000000 5,37060000000000000);;
Carolina;POINT (-75,28170000000000000 6,72440000000000000);;
San Miguel;POINT (-72,64590000000000000 6,57580000000000000);;
Briceño;POINT (-75,55110000000000000 7,11060000000000000);;
Mistrato;POINT (-75,88280000000000000 5,29780000000000000);;
Zaragoza;POINT (-74,86920000000000000 7,48970000000000000);;
Mercaderes;POINT (-77,16530000000000000 1,79530000000000000);;
abrego;POINT (-73,22050000000000000 8,08060000000000000);;
Sotaquira;POINT (-73,24810000000000000 5,7650000000000000);;
Sucre;POINT (-74,72080000000000000 8,81140000000000000);;
Pijiño del Carmen;POINT (-74,45830000000000000 9,33140000000000000);;
El Copey;POINT (-73,960000000000000 10,14890000000000000);;
El Carmen de Chucuri;POINT (-73,51120000000000000 6,69740000000000000);;
Jordan;POINT (-73,09690000000000000 6,73250000000000000);;
Suarez;POINT (-74,8320000000000000 4,04910000000000000);;
Belmira;POINT (-75,66580000000000000 6,6050000000000000);;
San Carlos;POINT (-74,99220000000000000 6,18720000000000000);;
El Peñon;POINT (-73,81560000000000000 6,05420000000000000);;
Peque;POINT (-75,90940000000000000 7,02140000000000000);;
Beltran;POINT (-74,74180000000000000 4,80170000000000000);;
San Bernardo;POINT (-74,42310000000000000 4,17860000000000000);;
Restrepo;POINT (-73,56420000000000000 4,26170000000000000);;
Morelia;POINT (-75,72440000000000000 1,48580000000000000);;
Saladoblanco;POINT (-76,04530000000000000 1,99330000000000000);;
Macanal;POINT (-73,31940000000000000 4,97190000000000000);;
Monterrey;POINT (-72,89640000000000000 4,87610000000000000);;
Contratacion;POINT (-73,47330000000000000 6,290000000000000);;
Tello;POINT (-75,13780000000000000 3,06690000000000000);;
Santa Isabel;POINT (-75,09750000000000000 4,71390000000000000);;
San Luis;POINT (-74,99370000000000000 6,04340000000000000);;
Tesalia;POINT (-75,730000000000000 2,48470000000000000);;
Topaipi;POINT (-74,30310000000000000 5,33610000000000000);;
Caparrapi;POINT (-74,49170000000000000 5,34420000000000000);;
Punta de Piedras;POINT (-74,71670000000000000 10,16670000000000000);;
Herveo;POINT (-75,17560000000000000 5,08060000000000000);;
Hacari;POINT (-73,14560000000000000 8,32140000000000000);;
Altamira;POINT (-75,78780000000000000 2,06330000000000000);;
Andagoya;POINT (-76,69580000000000000 5,09770000000000000);;
La Llanada;POINT (-77,580000000000000 1,47360000000000000);;
Fuente de Oro;POINT (-73,61920000000000000 3,46250000000000000);;
Yuto;POINT (-76,63510000000000000 5,53170000000000000);;
Charta;POINT (-72,96860000000000000 7,28060000000000000);;
Buritica;POINT (-75,90750000000000000 6,720000000000000);;
Molagavita;POINT (-72,80920000000000000 6,67360000000000000);;
Coper;POINT (-74,04750000000000000 5,47390000000000000);;
Maceo;POINT (-74,78720000000000000 6,55330000000000000);;
Pijao;POINT (-75,70460000000000000 4,33350000000000000);;
Caracoli;POINT (-74,75670000000000000 6,40720000000000000);;
Puerres;POINT (-77,50390000000000000 0,88390000000000000);;
Mutiscua;POINT (-72,74690000000000000 7,30080000000000000);;
Fomeque;POINT (-73,89360000000000000 4,48470000000000000);;
Guaca;POINT (-72,85590000000000000 6,87620000000000000);;
Ubala;POINT (-73,53470000000000000 4,74390000000000000);;
Castilla La Nueva;POINT (-73,68720000000000000 3,82580000000000000);;
Otanche;POINT (-74,18060000000000000 5,65780000000000000);;
San Francisco;POINT (-75,10170000000000000 5,96420000000000000);;
San Diego;POINT (-73,18080000000000000 10,33250000000000000);;
Mosquera;POINT (-78,45170000000000000 2,50780000000000000);;
Vegachi;POINT (-74,79940000000000000 6,77310000000000000);;
Yali;POINT (-74,84110000000000000 6,67670000000000000);;
Beteitiva;POINT (-72,80830000000000000 5,91110000000000000);;
El Guamo;POINT (-74,99670000000000000 10,0350000000000000);;
Cucutilla;POINT (-72,77250000000000000 7,54030000000000000);;
Darien;POINT (-76,48480000000000000 3,93060000000000000);;
La Paz;POINT (-73,17330000000000000 10,38440000000000000);;
Prado;POINT (-74,92810000000000000 3,74890000000000000);;
Morales;POINT (-73,86880000000000000 8,27520000000000000);;
Guayabetal;POINT (-73,81440000000000000 4,21530000000000000);;
Bolivar;POINT (-76,18340000000000000 4,33870000000000000);;
San Martin;POINT (-73,51030000000000000 80000000000000);;
Managru;POINT (-76,72760000000000000 5,33650000000000000);;
El Rosario;POINT (-77,33470000000000000 1,74310000000000000);;
Paicol;POINT (-75,77390000000000000 2,44970000000000000);;
Durania;POINT (-72,65640000000000000 7,71390000000000000);;
Pueblo Rico;POINT (-76,03030000000000000 5,22260000000000000);;
Chaguani;POINT (-74,59360000000000000 4,94860000000000000);;
Macaravita;POINT (-72,59280000000000000 6,50670000000000000);;
Cunday;POINT (-74,69250000000000000 4,06110000000000000);;
San Cayetano;POINT (-74,02560000000000000 5,33220000000000000);;
Cachira;POINT (-73,04860000000000000 7,74080000000000000);;
La Paz;POINT (-73,58940000000000000 6,17810000000000000);;
Chiriguana;POINT (-73,60190000000000000 9,36170000000000000);;
El Tambo;POINT (-76,81030000000000000 2,4520000000000000);;
Rio Viejo;POINT (-73,840000000000000 8,58860000000000000);;
La Esperanza;POINT (-73,32760000000000000 7,64060000000000000);;
Chima;POINT (-73,37220000000000000 6,34390000000000000);;
Carcasi;POINT (-72,62580000000000000 6,62780000000000000);;
Zetaquira;POINT (-73,17030000000000000 5,28390000000000000);;
Puerto Caicedo;POINT (-76,60440000000000000 0,6850000000000000);;
San Carlos de Guaroa;POINT (-73,24250000000000000 3,71110000000000000);;
Arboledas;POINT (-72,79830000000000000 7,64280000000000000);;
Frontino;POINT (-76,13140000000000000 6,77860000000000000);;
Rondon;POINT (-73,20860000000000000 5,35670000000000000);;
Rionegro;POINT (-73,15010000000000000 7,26460000000000000);;
Piedras;POINT (-74,87780000000000000 4,54330000000000000);;
San Joaquin;POINT (-72,86750000000000000 6,42780000000000000);;
Sucre;POINT (-73,79110000000000000 5,91830000000000000);;
Salazar;POINT (-72,81240000000000000 7,77390000000000000);;
Teruel;POINT (-75,56830000000000000 2,74060000000000000);;
La Gloria;POINT (-73,80250000000000000 8,61860000000000000);;
Curillo;POINT (-75,91940000000000000 1,03310000000000000);;
Ricaurte;POINT (-77,99330000000000000 1,21080000000000000);;
Guamal;POINT (-73,76570000000000000 3,88040000000000000);;
Yacopi;POINT (-74,33830000000000000 5,45970000000000000);;
Bucarasica;POINT (-72,86750000000000000 8,04110000000000000);;
Concepcion;POINT (-72,6980000000000000 6,7710000000000000);;
Chameza;POINT (-72,86970000000000000 5,21470000000000000);;
Bete;POINT (-76,78120000000000000 5,99460000000000000);;
Gachala;POINT (-73,520000000000000 4,69310000000000000);;
Cerrito;POINT (-72,6940000000000000 6,84310000000000000);;
Santiago;POINT (-72,71580000000000000 7,86560000000000000);;
Paimado;POINT (-76,74050000000000000 5,48310000000000000);;
Payan;POINT (-78,18330000000000000 1,76640000000000000);;
Lloro;POINT (-76,54140000000000000 5,49830000000000000);;
Convencion;POINT (-73,33690000000000000 8,46810000000000000);;
Unguia;POINT (-77,090000000000000 8,0450000000000000);;
Hato;POINT (-73,30750000000000000 6,54190000000000000);;
San angel;POINT (-74,21480000000000000 10,03050000000000000);;
Silos;POINT (-72,75640000000000000 7,20520000000000000);;
Cacota;POINT (-72,64170000000000000 7,26780000000000000);;
Villavieja;POINT (-75,21830000000000000 3,21890000000000000);;
Piedrancha;POINT (-77,86440000000000000 1,14110000000000000);;
Chivor;POINT (-73,36830000000000000 4,88780000000000000);;
Puli;POINT (-74,71470000000000000 4,68190000000000000);;
Santa Maria;POINT (-73,26280000000000000 4,860000000000000);;
Acandi;POINT (-77,27780000000000000 8,51140000000000000);;
Villa Caro;POINT (-72,97190000000000000 7,91470000000000000);;
Ituango;POINT (-75,76360000000000000 7,17110000000000000);;
Barbacoas;POINT (-78,13980000000000000 1,67150000000000000);;
Remolino;POINT (-74,71610000000000000 10,70220000000000000);;
Cantagallo;POINT (-73,91530000000000000 7,37610000000000000);;
Mongua;POINT (-72,79860000000000000 5,75330000000000000);;
Dolores;POINT (-74,89750000000000000 3,53910000000000000);;
Santa Barbara;POINT (-72,90670000000000000 6,99030000000000000);;
Baraya;POINT (-75,05250000000000000 3,15310000000000000);;
Bagado;POINT (-76,41580000000000000 5,41030000000000000);;
Campohermoso;POINT (-73,10330000000000000 5,03110000000000000);;
Solita;POINT (-75,61970000000000000 0,87580000000000000);;
Iscuande;POINT (-77,97970000000000000 2,45030000000000000);;
San Jose del Fragua;POINT (-75,97280000000000000 1,32860000000000000);;
Betulia;POINT (-73,28360000000000000 6,90000000000000);;
Murillo;POINT (-75,17150000000000000 4,87390000000000000);;
Socota;POINT (-72,63640000000000000 6,04080000000000000);;
Pore;POINT (-71,99270000000000000 5,72790000000000000);;
San Luis de Gaceno;POINT (-73,16840000000000000 4,82020000000000000);;
Becerril;POINT (-73,27750000000000000 9,70310000000000000);;
Toledo;POINT (-72,48310000000000000 7,31030000000000000);;
Mutis;POINT (-77,40390000000000000 6,22420000000000000);;
Abriaqui;POINT (-76,06390000000000000 6,63170000000000000);;
Cabrera;POINT (-74,48280000000000000 3,9860000000000000);;
Belen de los Andaquies;POINT (-75,87270000000000000 1,41640000000000000);;
Villarrica;POINT (-74,60140000000000000 3,93640000000000000);;
Alpujarra;POINT (-74,93340000000000000 3,39180000000000000);;
Bolivar;POINT (-73,77060000000000000 5,98930000000000000);;
Puerto Meluk;POINT (-76,93690000000000000 5,22130000000000000);;
Albania;POINT (-75,87830000000000000 1,32890000000000000);;
Valparaiso;POINT (-75,70640000000000000 1,19330000000000000);;
Yondo;POINT (-73,90890000000000000 7,00610000000000000);;
Santa Helena del Opon;POINT (-73,61670000000000000 6,33920000000000000);;
El Guacamayo;POINT (-73,49670000000000000 6,24530000000000000);;
Onzaga;POINT (-72,81750000000000000 6,34420000000000000);;
Barranca de Upia;POINT (-72,96250000000000000 4,56470000000000000);;
Funes;POINT (-77,44890000000000000 10000000000000);;
Gambita;POINT (-73,34390000000000000 5,94640000000000000);;
San Juanito;POINT (-73,68050000000000000 4,4610000000000000);;
Surata;POINT (-72,98420000000000000 7,36690000000000000);;
Chitaga;POINT (-72,66440000000000000 7,13780000000000000);;
Lejanias;POINT (-74,02320000000000000 3,52680000000000000);;
El Castillo;POINT (-73,79440000000000000 3,56470000000000000);;
Marulanda;POINT (-75,26030000000000000 5,28420000000000000);;
El Carmen;POINT (-73,44780000000000000 8,51060000000000000);;
Nunchia;POINT (-72,1950000000000000 5,63580000000000000);;
La Salina;POINT (-72,33420000000000000 6,12750000000000000);;
Gutierrez;POINT (-74,00310000000000000 4,25420000000000000);;
Piamonte;POINT (-76,32610000000000000 1,11580000000000000);;
Novita;POINT (-76,60610000000000000 4,95610000000000000);;
San Juan de Arama;POINT (-73,87670000000000000 3,37360000000000000);;
Paez;POINT (-73,05170000000000000 5,09890000000000000);;
Colombia;POINT (-74,80190000000000000 3,3750000000000000);;
Milan;POINT (-75,50640000000000000 1,28920000000000000);;
Tamara;POINT (-72,16220000000000000 5,83030000000000000);;
Trinidad;POINT (-71,66110000000000000 5,40920000000000000);;
El Calvario;POINT (-73,71330000000000000 4,35170000000000000);;
Roncesvalles;POINT (-75,60530000000000000 4,01080000000000000);;
Paya;POINT (-72,42390000000000000 5,62530000000000000);;
Pizarro;POINT (-77,36360000000000000 4,95420000000000000);;
Puerto Rico;POINT (-73,20830000000000000 2,93830000000000000);;
Sabanalarga;POINT (-73,040000000000000 4,85430000000000000);;
Cubarral;POINT (-73,83750000000000000 3,79280000000000000);;
Cabuyaro;POINT (-72,79140000000000000 4,28580000000000000);;
Santa Genoveva de Docordo;POINT (-77,36750000000000000 4,25860000000000000);;
Mesetas;POINT (-74,04530000000000000 3,38420000000000000);;
Vigia del Fuerte;POINT (-76,89970000000000000 6,58940000000000000);;
Puerto Lleras;POINT (-73,37610000000000000 3,26920000000000000);;
Mapiripan;POINT (-72,13360000000000000 2,89190000000000000);;
Sacama;POINT (-72,24750000000000000 6,09810000000000000);;
Mani;POINT (-72,28110000000000000 4,81810000000000000);;
Murindo;POINT (-76,75310000000000000 6,9850000000000000);;
Santa Rosa;POINT (-76,57280000000000000 1,70060000000000000);;
Sipi;POINT (-76,64390000000000000 4,65170000000000000);;
Hato Corozal;POINT (-71,76530000000000000 6,15470000000000000);;
Bellavista;POINT (-76,97440000000000000 6,52360000000000000);;
Pisba;POINT (-72,48530000000000000 5,72250000000000000);;
San Jose del Palmar;POINT (-76,23420000000000000 4,89690000000000000);;
Curbarado;POINT (-76,97110000000000000 7,15780000000000000);;
Puerto Leguizamo;POINT (-74,78060000000000000 -0,19390000000000000);;
Puerto Gaitan;POINT (-72,08250000000000000 4,31420000000000000);;
Miraflores;POINT (-71,95110000000000000 1,33670000000000000);;
Caruru;POINT (-71,30000000000000 1,01330000000000000);;
Calamar;POINT (-72,65310000000000000 1,95960000000000000);;
Taraira;POINT (-69,63360000000000000 -0,56360000000000000);;
San Jose de Ure;POINT (-75,53310000000000000 7,78720000000000000);;
